product_id, brand, desc, size, original_price, new_price, price_change
1736151,Acronym,J1B-S SIZE:M,m,$1349,-,
601176,Acronym,Cashmere Goretex Jacket,l,$450,-,
2621718,Acronym  Nike, x NikeLab Air Presto Mid 'Volt',11.5,$650,$585,10.0%
1342836,Acronym,P16A-s,30,$850,$557,34.47%
4428981,Acronym  Fragment Design,2001 Archival Convert Jacket,l,$9800,$4410,55.0%
4191323,Acronym  Nike,Nike x  Air Force 1 Low White,10.5,$450,-,
4021780,Acronym, x Nike AF1 White/White,11,$260,-,
5726609,Acronym  Nike,Nike  Lunar Air Force 1‚Äôs,10,$320,-,
4384605,Acronym  Nike,Lunar Force 1 SP ,10,$420,-,
2084529,Acronym, J47A-GT - XL,xl,$2500,-,
2084952,Acronym, E-J1A - XL,xl,$1250,-,
4555820,Acronym,Nike x  Lunar Force 1 White,10.5,$270,-,
1939706,Acronym,3A-3TS,os,$1093,$983,10.06%
5418313,Acronym  Nike  Nike ACG,Lunar Force 1 /  17' AF100,7.5,$750,-,
4737175,Acronym  Nike, Prestos,8.5,$600,-,
1978976,Acronym,3A-3TS,os,$1500,-,
7161182,Acronym,J47A-GT,s,$2300,$1676,27.13%
749819,Acronym,J55-MP Size Medium Color Black,m,$800,$650,18.75%
6463806,Acronym  Nike  Nike ACG, MULTICOLOUR LUNAR FORCE 1,10.5,$385,$346,10.13%
4405619,Acronym, - S-J4TS - Raf - XL,xl,$1000,-,
4235230,Acronym  Nike,Lunar Force 1,8.5,$350,-,
5471720,Acronym, x Nike Presto Olive,9,$800,-,
3990169,Acronym  Nike, X Nike Lunar Force 1 (AF100),10,$350,-,
6312530,Acronym,3A-3TS,os,$995,-,
4055814,Acronym  Nike,Nike / ,10,$2500,-,
6395497,Acronym,P20-S,30,$1500,$490,67.33%
6544597,Acronym, X Nike Air Presto,10,$630,-,
945131,Acronym,GT-J9TS GORE-TEX XCR TEC SYS JACKET,m,$2000,-,
5786238,Acronym, J16 3xDry Schoeller Soft Shell,s,$780,$702,10.0%
7698109,Acronym,RAF P5TS-S Custom Paratrooper Straps,33,$666,-,
7361916,Acronym  Nike,Lunar Force 1 Low AF100,8.5,$399,$359,10.03%
6809977,Acronym, 3A-1,os,$1400,-,
4059818,Acronym  Nike,AF1 Lunar Force 1,10,$320,$288,10.0%
6021830,Acronym,J47R-GT Sz Small Full Pack,s,$1900,$1710,10.0%
4226524,Acronym  Nike,Lunar Force 1 Crimson,11,$350,-,
4823989,Acronym,P16A-S,32,$600,$550,8.33%
7774424,Acronym,3A-3TS,os,$925,$673,27.24%
6821434,Acronym  Nike,Lunar Force 1,9,$590,-,
3043745,Acronym  Nike,Air Presto Mid / ,8.5,$700,$650,7.14%
2701451,Acronym,Stash,xl,$800,$471,41.13%
8414891,Acronym  Nike,Nike x  Air Force 1 Low White,10.5,$320,-,
6599515,Acronym,P5TS-S Cargo Trousers - XL,36,$500,-,
5378058,Acronym  Nike,Nike VaporMax Fk Moc/,7.5,$160,$150,6.25%
5157610,Acronym,S-J1A,s,$3000,-,
7915421,Acronym,J36-GT,s,$2400,$1944,19.0%
2021951,Acronym  Nike,Nike X  Presto Mid,7.5,$700,-,
8414890,Acronym  Nike,Nike x  Air Force 1 Low White,10.5,$320,-,
6750248,Acronym,P22-DS Small,30,$1530,-,
4274236,Acronym  Nike,Nike  AF100 Lunar Force One Size 13,13,$360,$291,19.17%
7272094,Acronym, | J47TS-GT | Size:L,l,$2800,-,
5671587,Acronym,J16-GT,m,$2500,-,
8363349,Acronym  Nike, black forces rare og all,9,$400,$261,34.75%
7134875,Acronym  Nike,Nike X  lunar force 1 AF100,10.5,$370,$333,10.0%
7760537,Acronym,J1A-GT,s,$3950,-,
7948362,Acronym,J47-GT AW2015 - MEDIUM,m,$1450,-,
7225849,Acronym,J38-GT (M, Full Pack),m,$2200,-,
5529596,Acronym,P20-S,32,$1500,-,
8493609,Acronym, J28-GT L FULL PACK,l,$3000,$2700,10.0%
6504095,Acronym,P23TS-CH,32,$1100,-,
7272020,Acronym  Nike,Lunar Force 1 Black White,9.5,$330,-,
5671603,Acronym,S-CP2,l,$3500,-,
2204779,Acronym  Nemen,S13-W,l,$650,$526,19.08%
7972243,Acronym  Nike,Vapormax FK Moc 2 Light Bone SZ US 11,11,$220,$198,10.0%
7923064,Acronym  Nike,Nike x  AF100 Berlin Event Tee,l,$250,-,
8209525,Acronym,P24A-S,32,$1249,$1124,10.01%
7941105,Acronym,3a-1 Laminate,os,$1600,$1296,19.0%
5671630,Acronym,J41-GT,xl,$1850,-,
8176766,Acronym  Nike,Lunar Air Force 1 All White Acrnm,8,$545,-,
7378244,Acronym,P10-S Black,34,$750,-,
7378148,Acronym,J32-GT,l,$1000,-,
7552487,Acronym  Nike,Air Presto Mid ,8.5,$620,-,
7496046,Acronym, J47TS-GT-WHT 3L Gore-Tex¬Æ Pro Tec Sys Interops Jacket Size Medium,m,$2700,-,
8462031,Acronym, J47TS-GT-WHT 3L Gore-Tex¬Æ Pro Tec Sys Interops Jacket Size Medium,m,$2850,-,
7747331,Acronym  Nike,Lunar Force 1 ,10,$210,-,
5827063,Acronym, Vapormax,10,$225,$202,10.22%
7076676,Acronym,3a-1 x-pac,os,$1650,-,
6041305,Acronym,3A-3TS X-PAC,os,$1400,$850,39.29%
6773880,Acronym,P17-S,36,$800,-,
7178398,Acronym,S15-DS (M, Full Pack),m,$650,-,
6278451,Acronym,2015 Lunar Force 1,12,$259,$233,10.04%
7508313,Acronym  Nike,Lunar Force 1 Multi,9.5,$800,$650,18.75%
6123296,Acronym,J58-WS,m,$4000,$2124,46.9%
7256672,Acronym,GT-J17  Anorak,m,$950,-,
6949314,Acronym  Nike,Nike Vapormax X ,10.5,$189,-,
5743682,Acronym,j1ts-s,s,$1760,$1425,19.03%
7007323,Acronym,P26-S Flight Pants,30,$630,-,
7004091,Acronym,P10-s RAF ss18 Size S,30,$1200,$1080,10.0%
7938934,Acronym,J1B-S,m,$1550,$1255,19.03%
7589946,Acronym  Nike,Nike Air Force 1 Low  AF100 White Sneaker Shoes,11.5,$425,$343,19.29%
7265836,Acronym  Nike,Nike  AF1,11.5,$350,$254,27.43%
7995464,Acronym,J32-GT,l,$1100,-,
6608638,Acronym,J68-S,l,$1575,-,
5783246,Acronym, SS J10 3XDRY¬Æ SOFTSHELL CONTOUR JACKET,s,$550,$445,19.09%
5667885,Acronym  Nike,nike x  air force,13,$330,-,
7860435,Acronym,3A-1,os,$1600,-,
6692077,Acronym  Nemen,S8-C Black Tank Top,m,$350,$315,10.0%
4329718,Acronym  Nike,Air Force 1 Downtown  Black Olive,8.5,$250,$202,19.2%
7947086,Acronym,P16-AS AW2014 - SMALL,31,$875,-,
1817652,Acronym  Nike,NIKE¬Æ AF1 'Downtown' Hi SP / ¬Æ DAF1-003, deadstock, BNIB [2017],9,$385,$279,27.53%
4435465,Acronym, GT-J12,m,$1100,$891,19.0%
3730500,Acronym  Nike,Nike Air Force ,10.5,$500,-,
3306438,Acronym,Futura x  x BeingHunted x Montana Cans,m,$777,-,
8009506,Acronym,P15-CH,34,$1000,$656,34.4%
7975431,Acronym,P23a-s - black - size L,34,$1650,$1336,19.03%
6123159,Acronym,P23TS-S,32,$4000,$1911,52.23%
7946581,Acronym  Nike,NIKE FRIENDS & FAMILY ERROLSON HUGH STATUE,os,$310,-,
5807070,Acronym, 3A-10TS XPAC,os,$550,-,
8507967,Acronym, J1b-s,xl,$1300,-,
8136673,Acronym,P23-S,30,$1850,$1665,10.0%
7076541,Acronym,J66gt,s,$1450,-,
4649914,Acronym,3A-3TS BLK,os,$2000,$1620,19.0%
7998145,Acronym, P23a-s FW18,30,$2000,$1800,10.0%
6495860,Acronym,J64TS-S,s,$1575,$1175,25.4%
4283421,Acronym  Nike,Nike X  AF1 Downtown HI,9.5,$300,$176,41.33%
3749881,Acronym  Nike,Nike Lunar Force 1/  '17,9.5,$700,-,
1939674,Acronym,SS-J8 softshell jacket,m,$1600,-,
7750547,Acronym  Nike,ACRNM Presto,8,$275,$247,10.18%
5199634,Acronym  Nike,Air VaporMax FK MOC 2.0 Black Volt Collab AQ0996-007,10,$226,-,
8210416,Acronym  Nemen,LA5-MP Object Dyed Multiprene Black,l,$800,$400,50.0%
8210204,Acronym,J16-GT,s,$2000,-,
8073641,Acronym,SM1-AK & Bonus  Promotional Hat,os,$375,-,
7299111,Acronym,P23TS-S black,34,$1000,$900,10.0%
6174219,Acronym  Nike,Air Presto Mid  Bamboo,9.5,$650,-,
8450415,Acronym,P23TS-S,34,$1500,$1350,10.0%
8194499,Acronym  Nike,Air Presto Mid ,11,$175,$141,19.43%
8399796,Acronym,j1b-s,m,$1800,-,
7910726,Acronym,J47TS-GT Black size M,m,$2800,-,
7378254,Acronym,P10-S Raf Green,34,$750,-,
5433069,Acronym, 3A-3TS Silver Foil,os,$1215,-,
7661240,Acronym  Nike,Lunar Force 1 Low  Black White,9,$550,-,
5671565,Acronym,E-J23,l,$1300,-,
7718397,Acronym  Nike,Nike x  Lunar Force 1 SP Black - White Sz 9.5,9.5,$550,$445,19.09%
7924406,Acronym,J57TS-SS,l,$985,$797,19.09%
6908746,Acronym,***FINAL DROP***NG8-PS,os,$294,-,
8451250,Acronym,J72-DS Kimono,m,$800,-,
2295216,Acronym  Nike,Nike x  Air Force 1 Downtown Hi SP,9,$380,$330,13.16%
1846418,Acronym  Nike, AF 1 Downtown HI SP DSWT,8,$234,-,
4806605,Acronym,SS-J1FB,l,$1100,$891,19.0%
7921172,Acronym,P23A-S,30,$2000,$1800,10.0%
6178319,Acronym,J68-S (White / size M),m,$3000,$2200,26.67%
6173201,Acronym  Nike,AF1 Air Force 1 Downtown HI SP Lunar - Black / White / Olive,8.5,$300,$243,19.0%
4093655,Acronym  Nike,Lunar Force 1 Low ,13,$360,$324,10.0%
8075687,Acronym  Nike, Presto,9,$600,-,
6921208,Acronym  Hypebeast, x ROBORACE HYPEFEST [SZ L] BLACK T SHIRT TEE BLACK HOODIE PINK #1 #2 LARGE,l,$150,-,
6026306,Acronym  Nike,Lunar Force 1/ 2017,10.5,$250,-,
2517754,Acronym  Edition Japan,FASHION„ÄÄ2017.05.19 BLAME! x ¬Æ by Edition Â§¢„ÅÆ„Ç≥„É©„ÉúÂÆüÁèæ,s,$220,-,
2092469,Acronym,J1TS-S,s,$3400,-,
6865502,Acronym,J72-DS WHITE,m,$1000,$900,10.0%
7847584,Acronym  Nike,Nike X  Presto Mid Bamboo,8,$420,$306,27.14%
7976010,Acronym,J47TS-GT Black Small,s,$3000,-,
5780538,Acronym  Bape  Highsnobiety,Sticker sheet (8 pieces) contained in Highsnobiety Issue 16 (Bape, , Noah..),os,$35,$31,11.43%
7233671,Acronym  Nike, x Nike Lunar Force Black/White,12,$320,$259,19.06%
4295625,Acronym,SS-j25,l,$750,$675,10.0%
5671574,Acronym,J56-S,m,$1400,-,
4044953,Acronym, x Stephen Platt,xl,$800,$471,41.13%
8321283,Acronym,J56-S,m,$1700,-,
7308682,Acronym  Nike, Nike Lunar Force 1 LF1 SP,8,$900,$810,10.0%
7519079,Acronym  Nemen,S6C,l,$400,$261,34.75%
1678035,Acronym  Nike,Air Presto Bamboo XXS,7.5,$600,$540,10.0%
6764641,Acronym,S21-DS ACR-SS-18,s,$1100,-,
6504428,Acronym,3A-3TS,os,$1200,$1080,10.0%
5954141,Acronym,3a-3ts,os,$1200,-,
2344481,Acronym  Nike,Air Presto Mid,9.5,$1000,$900,10.0%
2517787,Acronym  Edition Japan,FASHION„ÄÄ2017.05.19 BLAME! x ¬Æ by Edition Â§¢„ÅÆ„Ç≥„É©„ÉúÂÆüÁèæ,s,$240,-,
8484876,Acronym,3A-3TS messengers bag,os,$550,-,
8071110,Acronym  Nike,White  Air Force 1 White,11,$265,$238,10.19%
6886252,Acronym  Hypebeast, x ROBORACE HYPEFEST [SZ XL] BLACK T SHIRT TEE BLACK HOODIE PINK #1 #2 XLARGE,xl,$150,-,
7803569,Acronym  Nike,Nike  Bamboo Prestos Size Medium,10.5,$475,-,
5782889,Acronym, SP-1TS-S Brand new SS10 Dust,30,$670,$603,10.0%
5052907,Acronym  Nike, x Air VaporMax Moc 2 ‚ÄòLight Bone‚Äô,7.5,$220,-,
2517766,Acronym  Edition Japan,FASHION„ÄÄ2017.05.19 BLAME! x ¬Æ by Edition Â§¢„ÅÆ„Ç≥„É©„ÉúÂÆüÁèæ,s,$250,-,
7695745,Acronym  Nike,Nike  Presto " NikeLab Air Presto Mid X  Bamboo ",8.5,$700,$459,34.43%
7972203,Acronym  Nike,Lunar Force 1 SP SZ US 10,10,$450,$364,19.11%
7953379,Acronym  Nike,Nike  Presto Mid Dynamic Yellow,12,$200,$145,27.5%
8144865,Acronym  Nike,Nike x  Presto - XS,8.5,$400,-,
6610791,Acronym  Nike,Air Force 1 Downtown HI SP,11,$300,$243,19.0%
6885376,Acronym  Nike,AF1 Lunar SP,11.5,$750,$607,19.07%
5064714,Acronym  Nike, Vapormax FK Moc 2 White DS,9.5,$445,-,
7014936,Acronym  Nike,NikeLab Air Presto Mid x ,10.5,$240,$216,10.0%
6121313,Acronym,S21-DS,s,$4000,$1547,61.33%
7354563,Acronym  Nike, Nike Vapormax Moc 2,9,$210,$185,11.9%
8469735,Acronym  Nemen, x Nemen LA5-MP,m,$500,$450,10.0%
5611674,Acronym  Nike,Air Force 1 Downtown HI SP Olive / Black,12,$220,$178,19.09%
7942001,Acronym,3A-6TS COR,os,$4000,$3240,19.0%
5418446,Acronym  Nike  Nike ACG,Air Vapormax Moc 2.0 Thirsty Bandit Cargo Khaki,9.5,$315,-,
6596433,Acronym  Nike,NIKE X  AIR PRESTO MID,9,$400,$225,43.75%
5446692,Acronym  Nike,NIKE X  AIR VAPORMAX FLYKNIT MOC 2,10,$350,$283,19.14%
6504274,Acronym,GT-J34,s,$1700,-,
6198030,Acronym,J68-S RAF,s,$2000,$1800,10.0%
3270118,Acronym  Nike,Nike  AF1 DOWNTOWN HI SP,8.5,$240,-,
8250123,Acronym,KR-H1,os,$800,-,
8293255,Acronym  Nike,Nike  Presto Mid Pacer Pink,8,$209,$188,10.05%
7263022,Acronym  Nike,Air Presto Mid ,8,$590,-,
5221480,Acronym  Nike, VaporMax,12,$445,$234,47.42%
6665234,Acronym  Nike,Nike  Presto Racer Pink,9,$400,$280,30.0%
4967219,Acronym  Nike,Nike Air Vapormax ,6,$280,$162,42.14%
5278979,Acronym,J1b-s,s,$2300,-,
5199645,Acronym  Nike,Air VaporMax FK MOC 2.0 /  Black Volt Collab AQ0996-007,11,$334,-,
7259919,Acronym,Hypefest Exclusive Roborace Logo Beanie DS,os,$200,$180,10.0%
8383888,Acronym  Nike,Nike  Presto Mid,8,$160,-,
5786482,Acronym, SS-J25 Olive Drab raf new zip-up hooded jacked,s,$931,-,
8111816,Acronym, Jacket,l,$650,$600,7.69%
5787483,Acronym,GT-J18F - female version -WOMEN'S GORE-TEX¬Æ PRO SHELL‚Ñ¢ TRENCHCOAT,s,$1400,$1250,10.71%
8532292,Acronym  Nike,Nike x  Lunar Force 1,8,$300,-,
8511448,Acronym,J72-AK,m,$900,-,
7956424,Acronym, 3A-3TS-SVR,os,$975,-,
7622748,Acronym, NG4-PS,os,$1100,-,
7383025,Acronym,J36-GT (ACR-FW-1314),s,$2000,-,
6870063,Acronym  Nike,Nike  Presto Grey,10,$287,$232,19.16%
7012187,Acronym, 3A-5TS (2018 Black X-PAC Version),os,$2500,-,
6953250,Acronym,J47TS-GT Black size S,s,$3000,-,
8390846,Acronym, P23A-DS(Wtt for p23-s),30,$3000,$2430,19.0%
8038668,Acronym,P25H-DS,32,$1599,$1295,19.01%
8289215,Acronym  Nike,Nike x  Collab Volt Pink Mid Presto,11,$220,-,
7133984,Acronym  Nike,Nike X  Presto OLIVE *XL*,12,$750,$607,19.07%
6729486,Acronym  Highsnobiety, X Highsnobiety Japan Launch tee 100 PIECES WORLDWIDE,l,$500,-,
6568328,Acronym  Nike,Nike x  air force 1,9,$215,$193,10.23%
5152178,Acronym  Nike,Vapormax,11.5,$300,-,
8196923,Acronym,J72-AK,l,$900,$800,11.11%
6596386,Acronym  Nike,NIKE X  AIR PRESTO MID,9,$400,$270,32.5%
7682464,Acronym,J46-FO,l,$2050,-,
6682665,Acronym  Nike,Nike  Presto "Cool Grey",11,$300,$218,27.33%
8460489,Acronym,J1A-GT 2.2,s,$3250,-,
7805823,Acronym, S21-DS,s,$1780,$1049,41.07%
8312033,Acronym, p23-A raf green,30,$1800,-,
8128105,Acronym  Nike, x Nike Air Presto Mid Racer Pink,10,$230,-,
8068238,Acronym,NIKE X  PRESTO - DEADSTOCK YELLOW,8,$180,$162,10.0%
7393737,Acronym  Nike,NIB Nike X  Air Force One Hi Downtown SP,9,$250,$181,27.6%
7497603,Acronym  Nike,Air Presto Mid Racer Pink,10,$290,$261,10.0%
5009897,Acronym  Nike, Vapormax Moc 2 Flyknit Light Bone,7,$254,$205,19.29%
7025760,Acronym  Nemen,Hoodie,m,$450,-,
5971267,Acronym  Nike,Air VaporMax Moc 2  Light Bone,9,$280,-,
8524151,Acronym, E-J21,l,$1200,-,
8136660,Acronym,J47TS-GT,m,$3000,$2700,10.0%
7772230,Acronym,White 3A-3TS,os,$900,$810,10.0%
7875683,Acronym,J47ts-gt,s,$3500,$3000,14.29%
6641401,Acronym  Nike,Nike x  Air Vapormax FK Moc 2 Black / Volt Size 8,8,$350,$228,34.86%
7421165,Acronym,J69-GT,s,$1550,-,
6678688,Acronym  Nike,Nike  Presto,11,$300,$270,10.0%
7004022,Acronym,J64TS-S,s,$1750,-,
5213743,Acronym  Nike, x Nike Vapormax 2.0,13,$300,$243,19.0%
5189548,Acronym,NT6-NG1,os,$300,-,
5082988,Acronym  Nike,Nike x  Lunar Force 1,12,$330,-,
7178511,Acronym,S16-WS (M, Full Pack),m,$550,-,
8472033,Acronym, J1A-GT Gen-2.2 Medium,m,$3199,$2999,6.25%
7948076,Acronym  Errolson Hugh, NG8-PS,os,$411,$298,27.49%
6522233,Acronym  Nike,Air Force 1 Downtown (DAF1),8.5,$162,$130,19.75%
7877198,Acronym,NG8-PS,os,$450,$294,34.67%
7799158,Acronym,3a-1,os,$1650,-,
6665275,Acronym  Nike,Nike  Presto Cool Grey/black,9,$290,$250,13.79%
6854954,Acronym,J-66GT,s,$1900,-,
5786448,Acronym, DS-HD2 DUST FW1213 hoodie 3XDRY,s,$950,$855,10.0%
5362107,Acronym  Nike,Vapormax,11,$320,-,
3484699,Acronym  Nike, Nike AF1 Downtown Hi SP,8,$350,-,
6749138,Acronym  Nike,Nike X  Presto Mid Pink Blue Yellow Black,12,$375,$303,19.2%
6121172,Acronym,NG5-AK,os,$1000,$531,46.9%
5418378,Acronym  Nike  Nike ACG,Air Vapormax Moc 2.0 The Illusional Ja Volt,9.5,$315,-,
5064670,Acronym  Nike, Vapormax FK Moc 2 White DS,9,$445,-,
6788587,Acronym  Nike,nike air presto MID / ,10,$330,$198,40.0%
7256058,Acronym  Nike,Air Presto Mid  Cool Grey,11,$220,$197,10.45%
7363886,Acronym, J 56-S HD,s,$2300,-,
4931489,Acronym  Nike,Air Vapormax FK Moc 2/ ,9,$470,$300,36.17%
5812229,Acronym  Nike,Nike x  Air VaporMax Moc 2 üî•üî•üî•,12,$275,-,
5545268,Acronym,vapormax,6,$240,$194,19.17%
3504959,Acronym  Nike,Nike Air Force 1 Downtown  Black Olive,7,$280,$200,28.57%
4567465,Acronym  Nike,Air Presto Mid,11,$680,-,
7941377,Acronym  Nike, Black Suede Air Force Lunar 1,12,$400,$291,27.25%
8136649,Acronym,J38-GT black,m,$2600,$2340,10.0%
8135356,Acronym, 3A-1 Left,os,$1300,-,
5608422,Acronym  Nike,NikeLab x  Air Vapormax Flyknit Moc 2,12.5,$280,$226,19.29%
6700231,Acronym  Nike,Nike X  Sz L 11-12,11,$800,$583,27.13%
7133998,Acronym  Nike,Nike X  Presto Olive *XL*,13,$750,$607,19.07%
8019629,Acronym  Nike,Nike  Air Presto Mid,9,$290,$234,19.31%
7227542,Acronym,NG9-PS,os,$420,$378,10.0%
7349306,Acronym  Nike,Air Force 1 Downtown,11,$299,-,
4167998,Acronym  Nike,Lunar Air Force One,12,$400,-,
2245720,Acronym  Nike,Air Presto Mid - OLIVE,9,$1100,$990,10.0%
6384783,Acronym  Nike,Nike Air Presto Mid  Racer Pink,10,$400,$324,19.0%
4301342,Acronym,Ch-j3b,l,$1100,$990,10.0%
7624865,Acronym,P10-S,33,$750,-,
7091391,Acronym,ACR-,l,$650,$585,10.0%
6420345,Acronym  Nike, x Nike Air Presto Mid Hot Lava Volt,8,$1050,-,
6224933,Acronym,sp28ts-s,30,$1750,-,
2925621,Acronym  Nike,Air Force 1 AF1 Downtown,9.5,$375,$337,10.13%
8575495,Acronym,GT-J5A,l,$3500,-,
8367310,Acronym  Nike,Nike x  Lunar Force 1,11,$300,-,
8504621,Acronym  Nike,Nike  Presto Mid Pacer Pink,8,$190,-,
7101627,Acronym  Nike,Nike  Presto,9,$270,$196,27.41%
8416997,Acronym  Nemen,J40-L,m,$4398,-,
7977990,Acronym,SP12TS-S Olive SZ L,34,$700,-,
7565048,Acronym  Nike, Prestos Cool Grey,10,$200,-,
7311604,Acronym, x Roborace Hoodie,m,$230,$207,10.0%
8386107,Acronym, J62-S FW17/18 Size S,s,$1500,-,
8424604,Acronym, P23A-S RAF GREEN MEDIUM,32,$1400,$1360,2.86%
8151592,Acronym, P23A-S RAF GREEN XL,36,$1450,$1305,10.0%
4944122,Acronym  Nike,Nike X  Air Vapormax Flyknit Moc 2,12,$490,$396,19.18%
7061041,Acronym,T-shirt,xl,$200,$145,27.5%
5882256,Acronym, SP12TS-S,31,$850,$619,27.18%
8004589,Acronym  Hypebeast, Hypefest Black Hoodie,m,$250,$130,48.0%
8004569,Acronym  Hypebeast,Human Machine Volt Hoodie,m,$250,$130,48.0%
8522952,Acronym  Nike,Af1 Downtown,9.5,$200,$180,10.0%
8263796,Acronym  Nike,Vapormax,9.5,$250,-,
6444364,Acronym  Kostas Seremetis  Nike,Unreleased Presto Nike  Tee,l,$225,$43,80.89%
7768489,Acronym,NG9-PS,os,$349,-,
7414404,Acronym  Nike,Nike  Presto Black,11,$230,$207,10.0%
6554703,Acronym  Nike,Nike Air Presto Mid  Dynamic Yellow Size 10,10,$290,$210,27.59%
6655838,Acronym  Nike,Nike Air Presto Mid  Cool Grey Size 12,12,$255,$206,19.22%
7996283,Acronym,Air Force 1,11,$220,-,
6911508,Acronym,NG8-PS,os,$400,$291,27.25%
6857187,Acronym,NG4-PS,os,$5000,-,
6854964,Acronym,J-69GT,s,$1700,-,
6652302,Acronym, J57 TS-SS JACKET,s,$1455,-,
5421647,Acronym  Nike,Nike  vapormax,9,$550,$324,41.09%
2082504,Acronym  Nike,DAF1-006 Nike¬Æ AF1 Downtown Hi SP / ¬Æ,9.5,$500,-,
8511825,Acronym,LA6B-DS,s,$1000,$900,10.0%
8495262,Acronym,P27H-DS,32,$1250,$1012,19.04%
8285423,Acronym,p23TS-CH,36,$1100,$990,10.0%
7743449,Acronym,3A-MK2 Olive,os,$400,$291,27.25%
7876921,Acronym  Nike,Vapormax Moc 2,9.5,$265,$238,10.19%
8395785,Acronym,3A-MZ3 (pair),os,$450,-,
8212789,Acronym,P24-S RAF,32,$600,-,
7661414,Acronym  Nike,Air Presto  Olive Size S,9.5,$800,-,
5786342,Acronym, DS-KA3 BLACK SS13,s,$640,$518,19.06%
5786410,Acronym, SP9-E SS12 BLACK,32,$750,$607,19.07%
4970152,Acronym  Nike,Nike Vapormax flyknit Moc 2 X ,7,$330,$238,27.88%
6563789,Acronym  Nike,Air Presto Mid  Racer Pink Size 12 Black Photo Blue White AH7832-600 NEW,12,$329,-,
5518085,Acronym  Nike,Air Vapormac Moc 2 -  Sail,10.5,$350,$300,14.29%
8441242,Acronym  Nike,Nike X  Air Presto Mid Olive Size Small,10,$450,-,
8238437,Acronym, Bomber J57TS-SS (AW16),m,$1500,$1215,19.0%
8388283,Acronym, P24A-S size L BLACK,34,$1600,$1260,21.25%
7640564,Acronym, NG4-PS - Black,os,$1250,-,
7271941,Acronym  Nike, x Nike AF1 Downtown Hi,9,$300,-,
6569051,Acronym  Nike, x Nike Air Presto Mid Black,9,$425,$249,41.41%
6647658,Acronym  Nike,Air Presto Mid / ,10,$315,$228,27.62%
4959693,Acronym  Nike, x Nike Vapormax Moc 2,8,$440,$396,10.0%
2722113,Acronym  Nike,Downtown Air Force 1,12,$267,-,
8501687,Acronym, P23A-S RAF sz M,32,$1300,$1170,10.0%
8269301,Acronym,P23TS-S RAF Green SZ M,34,$1600,-,
8223209,Acronym  Nike,NIKE  PRESTO AIR MID SIZE US 10, UK 9, EUR 44, CM 2 RACER PINK PHOTO BLUE,10,$259,-,
5381279,Acronym  Nike, Vapormax FK Moc 2 Black DS,9.5,$350,-,
7803941,Acronym  Nike,Nike Air Force 1 Downtown,12,$320,$181,43.44%
8454789,Acronym,J47R-GT size L Full Pack,l,$1650,-,
8151247,Acronym  Nike,Nike x  Lunar Force 1 UK11 Turbo Green/Purple/White/Red,12,$360,$340,5.56%
8073107,Acronym  Nike,Nike  Air Presto Mid Olive,8.5,$850,-,
6625572,Acronym  Nike,Nike x  Air Presto,10,$250,$202,19.2%
6421370,Acronym  Nike, x Nike Air Vapormax FK Moc 2 Sail Cargo DS,8,$299,-,
6420645,Acronym  Nike, x Nike Air Presto Med Olive DS,8,$1150,-,
5488545,Acronym  Nike,Air VaporMax Moc 2  Sail,12.5,$280,$252,10.0%
8485162,Acronym,NTS-NG1 White Logo,os,$200,-,
8476977,Acronym, GT-J11X,l,$800,$760,5.0%
8362807,Acronym,P17-DS,32,$2000,$1800,10.0%
6748761,Acronym,Hypefest  Roborace Tee Black,m,$250,$145,42.0%
8239610,Acronym, SS18 J66-GT in Black,s,$2000,$1620,19.0%
8536724,Acronym  Nike,Nike  Presto Grey,10,$150,$135,10.0%
8414403,Acronym,NG9-PS,os,$350,$315,10.0%
8044913,Acronym  Nike,Nike X  Presto Racer Pink,11,$250,-,
7565922,Acronym  Nike,Nike x  Olive Prestos,9.5,$900,$810,10.0%
7296214,Acronym  Nike,Nike  Shirt,xl,$80,$57,28.75%
7418367,Acronym, x Nike Air Presto Mid 'Volt',11.5,$650,$585,10.0%
7608913,Acronym  Nike  Nike ACG, AF1 Downtown HI SP,8,$185,$150,18.92%
7064064,Acronym,Ng8,os,$350,$250,28.57%
6630045,Acronym, X Nike Presto Mid,6,$240,$160,33.33%
6882104,Acronym  Nike,Lunar air Force 1,15,$225,$162,28.0%
6121372,Acronym,3A-E1 L,os,$1000,$429,57.1%
7610967,Acronym  Nike,Air Presto Mid,9.5,$680,$612,10.0%
7255398,Acronym  Nike,Air Presto Mid - Cool Grey/Black,10,$300,$243,19.0%
6909072,Acronym  Nike,Prestos cool grey,11,$245,$198,19.18%
8046550,Acronym,P23A-S,34,$1450,-,
5918092,Acronym  Nike,AIR VAPORMAX FK MOC 2,8,$315,$254,19.37%
7204132,Acronym  Nike,Lunar Force 1 Low,11.5,$650,$526,19.08%
7780268,Acronym  Nike,lunar force 1 /  ‚Äò17 white,11.5,$300,-,
7755382,Acronym,P23a-s,30,$2200,-,
7674804,Acronym  Nike,Crimson Lunar Force 1,6,$1000,-,
7445197,Acronym  Nike, x Nike Presto,8,$260,$245,5.77%
3774397,Acronym  Nike,DAF - 003,8,$300,$218,27.33%
6860079,Acronym  Nike,AF1 Downtown Hi Sp ,10,$330,$297,10.0%
6682469,Acronym  Nike,Nike  Presto Mid,10,$280,$240,14.29%
6687336,Acronym  Nike,Nike Air Presto Mid  Cool Grey,13,$260,-,
3961504,Acronym  Nike,air lunar force 1,12,$395,-,
8105890,Acronym  Errolson Hugh, x Roborace Volt Human-Machine Hoodie *Hypefest Exclusive*,l,$225,$181,19.56%
8027304,Acronym  Nemen,S13-W Wool/cotton Double-faced Hoodie,s,$350,$315,10.0%
7958818,Acronym  Nike,Custom Black Prestos,9,$200,-,
6833992,Acronym, X ROBOFACE HOODIE 2,s,$130,-,
6924143,Acronym  Nike,Nike  Prestos,6,$185,$126,31.89%
6523276,Acronym  Nike,Nike Lunar Force  BUNDLE,11,$600,$437,27.17%
7552143,Acronym  Nike,Nike x  DAF1 Downtown Air Force One,10,$180,-,
6987667,Acronym  Nike  Nike ACG,Prestos Size 8,8,$220,-,
6844274,Acronym  Nike,Nike Presto x ,10,$350,$280,20.0%
6697901,Acronym, x Nike Presto Mid Cool Grey,9.5,$250,-,
5034243,Acronym  Nike,Nike  Vapormax 2,9,$400,-,
3977727,Acronym  Nike, FORCES,12.5,$500,$364,27.2%
1690605,Acronym  Nike,NikeLab x  Air Force 1 Downtown HI SP,12,$450,$405,10.0%
8531030,Acronym  Nike,Mid Prestos,12,$450,$294,34.67%
8278802,Acronym  Nike,Vapormax Moc,12,$250,-,
8298145,Acronym  Nike,Nike x  Presto Dynamic Yellow,9,$190,-,
6748682,Acronym, X Roborace Tee Volt Hypefest Exclusive,m,$200,$117,41.5%
7281662,Acronym  Nike, x Nike Presto Volt,12.5,$750,$491,34.53%
8251531,Acronym,P26-S,32,$650,-,
8433284,Acronym  Nike,Nike Vapormax ,11,$170,-,
7577293,Acronym  Nike,Air Presto  Cool Grey,9,$245,$198,19.18%
8304259,Acronym,NG8-PS,os,$250,-,
8274318,Acronym  Nike,Nike x  Presto Mid (Dynamic Yellow),9,$190,-,
7882822,Acronym  Nike,Nike  Presto Cotton Candy,10,$300,$290,3.33%
7946608,Acronym  Nike,NIKE LUNAR FORCE 1  LF1-ACR BLACK/WHITE AW2015 - US11,11,$585,-,
7902503,Acronym,ACR-SS-10 P5TS-S ETAPROOF,30,$850,-,
7852378,Acronym, S-j14,m,$2500,-,
6893306,Acronym  Nike, Prestos,8,$265,$190,28.3%
7385997,Acronym  Nike,Nike  Air Force 1 Downtown,7.5,$200,$130,35.0%
5175202,Acronym  Nike,AF1 Downtown Hi SP x ,8,$300,$200,33.33%
7296565,Acronym,3A-MZ3,os,$640,-,
6583550,Acronym  Nike, x Nike Air Presto Mid,8,$300,$220,26.67%
6866446,Acronym,J63-PB Size XS,xs,$1850,-,
5224823,Acronym  Nike, Vapormax Moc 2 Sail / Dark Stucco,7,$500,-,
8451494,Acronym,P15-S,32,$1600,$1440,10.0%
8389380,Acronym  Nike,Nikelab Lunar Force 1 Dip Dyed,7.5,$299,$269,10.03%
8334832,Acronym  Nike,Nike  lunar force 1,10.5,$340,$247,27.35%
8471525,Acronym  Nike,Lunar Force 1 Dyed,8,$400,-,
8419086,Acronym  Nike,Nike  Presto,11,$150,-,
7822502,Acronym, J46-F0 2L Gore-Tex Infinium Climashield Coat,l,$2100,-,
7771224,Acronym  Nike,Nike x  Air Presto Mid Cool Grey,6,$149,-,
6741938,Acronym, X ROBORACE HYPEFEST TEE 2 YELLOW,s,$81,$75,7.41%
7502430,Acronym,J47ts-gt + J72ds,m,$4500,-,
6557886,Acronym  Nike, Presto Mid Utility Yellow,10,$375,$244,34.93%
6766941,Acronym  Nike,NEW DS Nike Air Presto  Mid Racer Pink Sz 8,8,$275,-,
6712674,Acronym  Nike,Nike  Presto Dynamic yellow US9,9,$260,-,
1684499,Acronym  Nike,AIR FORCE 1 DOWNTOWN HI SP,11,$530,$477,10.0%
8538061,Acronym, DS-LA3,m,$800,$720,10.0%
8338712,Acronym, Nike AW16 Volt Presto,10,$587,$525,10.56%
8448932,Acronym  Nike, Air Presto Mid Yellow,10,$190,$153,19.47%
8352048,Acronym  Nike,Nike/ Presto - Dynamic Yellow,11,$180,-,
8437260,Acronym,J43-K Object Dyed Black,m,$2100,$1890,10.0%
6749199,Acronym  Nike,Nike X  Presto Mid Pink Blue Yellow Black Shoes Size 9,9,$400,$324,19.0%
8263057,Acronym  Nike,Nike X  Vapormax,12,$180,$162,10.0%
4976074,Acronym  Nike,Air VaporMax Moc 2  Light Bone,7,$261,$234,10.34%
7488858,Acronym,NG9-PS,os,$500,$450,10.0%
7035604,Acronym, X ROBORACE RMX T-shirt 1 Hypefest Exclusive,m,$150,$121,19.33%
7185563,Acronym  Nike,DAF1,8.5,$200,$162,19.0%
6651954,Acronym  Nike,NIKE AIR PRESTO MID/ - RACER PINK/BLACK,10,$350,$300,14.29%
8603035,Acronym,J47A-WS,l,$3000,-,
8562923,Acronym,J48-BR SS-17,m,$450,-,
8403136,Acronym,3a-MTS6,os,$300,-,
8511666,Acronym,J47-GT AW2015 - XL,xl,$1300,-,
8166656,Acronym  Nike, x Nike Air Force Downtown,10.5,$200,$162,19.0%
5776267,Acronym,Sp1ts-s,30,$600,$486,19.0%
8073210,Acronym,GT-J15,s,$1000,-,
8168679,Acronym,P27H-DS,32,$1350,-,
7775838,Acronym  Nike,VaporMax Moc 2 "Johnny‚Äôs Icy Passage",10,$350,$315,10.0%
7488779,Acronym,J74-PX,s,$1650,$1485,10.0%
6896865,Acronym  Nike,Presto Dynamic Yellow,11,$300,$196,34.67%
6558372,Acronym  Nike,Prestos,13,$459,$269,41.39%
7493069,Acronym  Nike, Presto,10,$210,-,
6645399,Acronym  Nike,Nike Air Presto Mid SP X ,8,$325,$235,27.69%
6940118,Acronym,NG8-PS,os,$500,$405,19.0%
6626150,Acronym  Nike,Vapormax,11,$315,$254,19.37%
6547210,Acronym,Air Presto Mid Utility X ,10,$350,$228,34.86%
6546913,Acronym  Nike  Nike ACG,Nike Air Presto Mid  2018,10,$290,$230,20.69%
6684530,Acronym  Nike,Nike/ Presto Mid US10/UK9,10,$240,-,
8592781,Acronym  Nike,Nike x  Lunar Force 1 SP Black presto olive,9,$220,-,
8586723,Acronym  Nike  Nike ACG,Nike  Presto Volt,9,$400,-,
7475445,Acronym,Downtown Hi SP,11.5,$350,$165,52.86%
8353962,Acronym  Nike,Size XS  Presto Mid Olive,8.5,$660,$630,4.55%
7915310,Acronym  Nike, Presto Mid,8,$200,$144,28.0%
8280334,Acronym, X Highsnobiety,m,$250,-,
7975636,Acronym  Nike,DAF-1 006,9,$250,-,
7663506,Acronym,J74-PX,xl,$1500,-,
7014797,Acronym  Nike,NikeLab Air Presto Mid x ,10,$243,$218,10.29%
5786398,Acronym, SP9-E SS12 OLIVE,32,$750,$607,19.07%
6942897,Acronym  Nike,Nike x  air force 1 hi downtown,11.5,$220,-,
6557124,Acronym  Nike, Presto,12,$350,-,
5364325,Acronym  Nike, x Nike Air VaporMax Moc 2,11.5,$500,$309,38.2%
4832951,Acronym,s-j8,m,$1650,$1485,10.0%
4954689,Acronym  Nike, x Nike Air VaporMax Moc 2,8.5,$500,-,
8245268,Acronym  Hypebeast,Black Roborace Hoodie,l,$250,$195,22.0%
8242763,Acronym  Errolson Hugh  Hypebeast,Hypebeast Magazine Issue 9: The Exploration Issue Bape Supreme Virgil BRAND NEW SEALED - One Size,os,$40,-,
6156922,Acronym  Nike, AF1 Downtown Hi Sp,8.5,$254,-,
8550682,Acronym  Nike,Lunar Force 1 Multi,11,$375,-,
7490130,Acronym  Nike,Air Force 1 High Top Nike X ,7,$120,$87,27.5%
8241085,Acronym,OG XPAC 3A-8TS + modulars,os,$4000,$2361,40.97%
8376642,Acronym,3A-8TS + pouch + laptop sleeve,os,$2250,-,
8242325,Acronym,Nike Af1 downtown,10,$320,-,
6749158,Acronym  Nike,Nike X  Presto Mid Pink Blue Yellow Black Shoes,11,$375,$303,19.2%
6548676,Acronym  Nike, X Nike Air Presto Mid  Racer Pink,11,$400,$270,32.5%
7901047,Acronym  Nike,NIKE X  LUNARFORCE,10.5,$280,-,
7580360,Acronym, X Nike Vapormax,9,$250,-,
6572540,Acronym  Nike,Air Presto Mid / ,10,$360,$261,27.5%
7425410,Acronym,Hypefest Exclusive Roborace Logo Hat DS,os,$180,-,
7068515,Acronym  Nike,Air Presto x ,12,$230,$215,6.52%
6937382,Acronym  Nike,Air Presto Mid  Racer Pink Size 10 Black Photo Blue White AH7832-600 NEW,10,$278,-,
4945339,Acronym  Nike, Vapormax Moc 2 Light Bone,12.5,$400,$261,34.75%
4952081,Acronym  Nike,Vapormax Moc 2,11,$360,-,
8479175,Acronym  Nike,Nike x  Air Force One,9,$975,-,
7255329,Acronym  Nike,Air Presto Mid - White/Dynamic Yellow,10,$270,$218,19.26%
7441400,Acronym  Nike,Nike Presto  Hyper Pink,9,$349,$314,10.03%
7271890,Acronym  Nike,Nike  Presto Racer Pink,10,$300,-,
6985848,Acronym  Nike,Nike X  Presto Mid,11,$315,$295,6.35%
6836728,Acronym  Nike,Nike Air Force 1 X ,9,$500,$327,34.6%
6826761,Acronym  Nike,Air Presto Mid  Racer Pink Size 6 Black Photo Blue White AH7832-600 NEW,6,$255,-,
6895963,Acronym, SnapBack Hat match Jacket well,os,$280,-,
5786390,Acronym, SP9-CH SS12 DUST brand new,32,$850,$765,10.0%
6564615,Acronym  Nike,Nike  Presto Dynamic Yellow,9,$330,-,
6558148,Acronym  Nike  Nike ACG,Nike Presto Mid Acronyum,10,$320,$288,10.0%
3975059,Acronym  Nike,Lunar Force 1,11,$550,-,
1945037,Acronym  Nike,Downtown Air Force 1 DAF1-003,8.5,$400,$350,12.5%
8554593,Acronym  Nike,Nike  Presto Volt,11.5,$650,$453,30.31%
8494578,Acronym  Nike,Nike  Presto,10,$200,$180,10.0%
8355215,Acronym  Nike,Nike  air vapormax fk moc 2 volt size 8.5,8.5,$250,-,
8105834,Acronym  Errolson Hugh, x Roborace Black/Pink T-Shirt *Hypefest exclusive*,l,$200,$162,19.0%
8564872,Acronym,J57TS-SS Jacket XL,xl,$1200,-,
8507843,Acronym  Nike,Downtown Af1 High ,11.5,$150,$121,19.33%
8545021,Acronym,NTS-NG1 (White),os,$999,-,
6155512,Acronym  Nike,Nike Air Vaoprmax FK  Sail DS,10,$345,-,
6155483,Acronym  Nike,Nike Air Vapormax FK  Sail DS,9.5,$345,-,
8403060,Acronym,3a-MP2TS,os,$300,-,
7404121,Acronym  Nike,Presto Mid,8,$250,$225,10.0%
8064379,Acronym,Polartec Power Stretch Neck Gaiter,os,$300,-,
7800680,Acronym  Nike,Presto Mid Volt XS,8.5,$1000,$900,10.0%
7244218,Acronym  Nike,Downtown AF1-006,9.5,$400,$324,19.0%
6978576,Acronym,J72-DS-WHT,m,$1570,$1500,4.46%
6929202,Acronym  Nike,Nike Presto  Dynamic Yellow Volt Blk/wht,12,$250,$225,10.0%
6838231,Acronym  Nike,Air Presto Mid Racer Pink,9,$300,-,
6175637,Acronym  Nike,FINAL DROP NIKE AIR VAPORMAX MOC 2  Women Size 6 / Men size 4.5 LIGHT BONE VOLT,6,$340,$275,19.12%
6546304,Acronym  Nike,Nike presto X ,9,$350,$315,10.0%
6433624,Acronym  Nike,Air Presto  Bamboo,14,$700,-,
5973664,Acronym,Air Vapormax FK Moc 2 ,9,$320,-,
5239205,Acronym  Nike,AIR VAPORMAX FK MOC 2/ (BLACK/VOLT),9,$400,-,
1762134,Acronym  Nike,AF1 Downtown,10,$400,$360,10.0%
8456892,Acronym,P27H-DS,32,$1200,$1080,10.0%
8545941,Acronym  Nike,Nike  Presto Mid Pacer Pink,10,$250,$202,19.2%
8027937,Acronym  Nike,Nike Lunar Force 1 /  ‚Äò 17 (AF100),11.5,$800,$524,34.5%
8318985,Acronym  Nike,Presto,13,$450,$350,22.22%
7930559,Acronym,CH-J3B,s,$800,$630,21.25%
7049701,Acronym  Nike, x Nike Lunar Force 1,13,$400,$360,10.0%
7700863,Acronym  Nike,Air Presto  (Cool Grey),12,$250,-,
6682549,Acronym  Nike,Presto Racer Pink,9,$325,$292,10.15%
6598217,Acronym  Nike, Nike Air Presto Mid Dynamic Yellow White Black (AH7832-100),11,$349,$259,25.79%
6731061,Acronym  Nike,Nike Air Presto x ,10.5,$350,$283,19.14%
6951020,Acronym  Errolson Hugh, x Roborace Black Remix Hoodie *Hypefest Exclusive* *Item has sold sold sold sold sold *,l,$999,-,
6609972,Acronym, X NIKE,10,$245,-,
6587319,Acronym  Nike,Presto,11,$260,$234,10.0%
6207385,Acronym  Nike,Vaparmax Volt,8,$300,-,
2850696,Acronym,T-14,s,$550,-,
8602406,Acronym,3A-MZ5 Silver Foil (Pair),os,$300,-,
8530528,Acronym  Nike,Air Presto Mid  Cool Grey,10,$190,$171,10.0%
8504322,Acronym,S16-WS,m,$450,-,
8307303,Acronym  Nike,Vapormax MOC 2,11,$180,-,
8023016,Acronym  Nike, x Nike Air Presto,11,$200,$180,10.0%
8251364,Acronym, X Stephen Platt Shirt,m,$350,-,
7952487,Acronym, x Nike Air Presto Mid Racer Pink/Photo Blue-White-Black,11,$275,-,
7775836,Acronym  Nike,VaporMax Moc 2 "Thirsty Bandit",10,$300,$270,10.0%
7581982,Acronym  Nike,NIKE Air Presto  Dynamic Yellow,10,$275,$247,10.18%
6565177,Acronym  Nike,Air Presto Mid  Racer Pink Size 6 IN HAND READY TO SHIP Nike,6,$350,$275,21.43%
5233089,Acronym  Nike,Vapormax Moc II Orange,13,$400,$380,5.0%
1663680,Acronym  Nike,Air Force Downtown Sp Hi,11.5,$575,$376,34.61%
8528326,Acronym, J62-PB,m,$2000,$1800,10.0%
5381261,Acronym  Nike, Vapormax FK Moc 2 Black DS,8,$350,-,
6155533,Acronym  Nike,Nike Air Vapormax FK  Sail DS,10.5,$345,-,
6663816,Acronym  Nike,Nike Air Presto Mid/ AH7832-100 10 us 44 eu nikelab dynamic yellow,10,$283,-,
8400528,Acronym,KR-H2,os,$500,-,
8100531,Acronym  Nike,Final Drop Nike  Af1 Downtown HI SP Black Olive White,7,$275,$222,19.27%
6123369,Acronym,S16-WS,m,$4000,$1911,52.23%
7997040,Acronym  Nike,Nike x  Air Presto Mid Dynamic Yellow,9,$250,$220,12.0%
5542790,Acronym  Nike,Vapormax Moc 2,9,$600,$393,34.5%
7931928,Acronym  Nike, Vapormax,7,$150,-,
6906872,Acronym  Nike,Volt  Vapormax,12.5,$250,$202,19.2%
7465897,Acronym,NG